[
  {
    "name": "T'Pol",
    "mobile": "25",
    "desktop": "50"
  },
  {
    "name": "Hikaru Sulu",
    "mobile": "51",
    "desktop": "87"
  },
  {
    "name": "Seven of Nine",
    "mobile": "49",
    "desktop": "78"
  },
  {
    "name": "Spock",
    "mobile": "7",
    "desktop": "60"
  },
  {
    "name": "Travis Mayweather",
    "mobile": "11",
    "desktop": "35"
  },
  {
    "name": "Wesley Crusher",
    "mobile": "n/a",
    "desktop": "n/a"
  },
  {
    "name": "Kathryn Janeway",
    "mobile": "24",
    "desktop": "77"
  },
  {
    "name": "Beverly Crusher",
    "mobile": "13",
    "desktop": "45"
  },
  {
    "name": "Tom Paris",
    "mobile": "41",
    "desktop": "82"
  },
  {
    "name": "Charles Tucker III",
    "mobile": "48",
    "desktop": "97"
  },
  {
    "name": "Hoshi Sato",
    "mobile": "11",
    "desktop": "60"
  },
  {
    "name": "Pavel Chekov",
    "mobile": "48",
    "desktop": "89"
  },
  {
    "name": "Data",
    "mobile": "33",
    "desktop": "39"
  },
  {
    "name": "Kes",
    "mobile": "47",
    "desktop": "64"
  },
  {
    "name": "Leonard McCoy",
    "mobile": "n/a",
    "desktop": "n/a"
  },
  {
    "name": "Montgomery Scott",
    "mobile": "30",
    "desktop": "45"
  },
  {
    "name": "Julian Bashir",
    "mobile": "17",
    "desktop": "50"
  },
  {
    "name": "Jonathan Archer",
    "mobile": "26",
    "desktop": "41"
  },
  {
    "name": "The Doctor",
    "mobile": "10",
    "desktop": "63"
  },
  {
    "name": "Tuvok",
    "mobile": "14",
    "desktop": "55"
  },
  {
    "name": "William T. Riker",
    "mobile": "51",
    "desktop": "70"
  },
  {
    "name": "Harry Kim",
    "mobile": "42",
    "desktop": "69"
  },
  {
    "name": "Kira Nerys",
    "mobile": "46",
    "desktop": "74"
  },
  {
    "name": "Phlox",
    "mobile": "22",
    "desktop": "49"
  }
]